Series Name,Series Code,Country Name,Country Code,2011 [YR2011],2012 [YR2012],2013 [YR2013],2014 [YR2014],2015 [YR2015],2016 [YR2016],2017 [YR2017],2018 [YR2018],2019 [YR2019],2020 [YR2020]
Ratio of female to male labor force participation rate (%) (modeled ILO estimate),SL.TLF.CACT.FM.ZS,Afghanistan,AFG,19.6712957064594,20.2659506456975,21.6275470724787,23.0779237673995,24.6194225721785,26.2851086380498,28.0572651859781,28.6250335030823,29.2002147074611,..
Ratio of female to male labor force participation rate (%) (modeled ILO estimate),SL.TLF.CACT.FM.ZS,Africa Eastern and Southern,AFE,85.6833782683617,85.5526902275933,85.6391684106022,85.6959422701346,85.8822025055828,86.129544979987,86.5387803079678,86.9294411709092,87.3013162051042,..
Ratio of female to male labor force participation rate (%) (modeled ILO estimate),SL.TLF.CACT.FM.ZS,Africa Western and Central,AFW,82.5359097947183,82.1544285451101,81.8735440671786,81.7745685844626,81.8021436566734,81.7615706132399,81.1382189671895,80.5388358194566,80.048855794644,..
Ratio of female to male labor force participation rate (%) (modeled ILO estimate),SL.TLF.CACT.FM.ZS,Albania,ALB,78.619153674833,73.3556129424275,70.5268230003212,68.2946103998736,71.0720887245841,73.8849584743156,71.6242661448141,74.4918998527246,77.1390767421347,..
Ratio of female to male labor force participation rate (%) (modeled ILO estimate),SL.TLF.CACT.FM.ZS,Algeria,DZA,21.9326036866359,23.4465737514518,24.0484675694939,22.7549354312008,23.7855450236967,24.8263632333383,25.9226454089164,25.4904853223189,25.103305785124,..
Ratio of female to male labor force participation rate (%) (modeled ILO estimate),SL.TLF.CACT.FM.ZS,American Samoa,ASM,..,..,..,..,..,..,..,..,..,..
Ratio of female to male labor force participation rate (%) (modeled ILO estimate),SL.TLF.CACT.FM.ZS,Andorra,AND,..,..,..,..,..,..,..,..,..,..
Ratio of female to male labor force participation rate (%) (modeled ILO estimate),SL.TLF.CACT.FM.ZS,Angola,AGO,95.9762115652284,96.0040465351543,96.0313447927199,96.0945399393327,96.1572493995702,96.1834955137116,96.2817756418363,96.3914915168397,96.5617863486425,..
Ratio of female to male labor force participation rate (%) (modeled ILO estimate),SL.TLF.CACT.FM.ZS,Antigua and Barbuda,ATG,..,..,..,..,..,..,..,..,..,..
Ratio of female to male labor force participation rate (%) (modeled ILO estimate),SL.TLF.CACT.FM.ZS,Arab World,ARB,30.1504898319207,30.4932344277898,30.8749625306794,31.0810154578023,31.352898955963,31.834475020717,31.5469939697691,30.5388821481749,30.5548804922077,..
Ratio of female to male labor force participation rate (%) (modeled ILO estimate),SL.TLF.CACT.FM.ZS,Argentina,ARG,65.0613786591124,65.5364166553642,65.1801495581237,64.7155361050328,65.753799808298,66.8221734357849,67.8812044548329,69.7981046559538,70.6092697015541,..
Ratio of female to male labor force participation rate (%) (modeled ILO estimate),SL.TLF.CACT.FM.ZS,Armenia,ARM,73.1873335306304,73.5576213663863,73.9649329600707,73.764145324598,73.2652448182637,71.0745050627172,71.3915956151035,66.0790925812385,66.0662047729022,..
Ratio of female to male labor force participation rate (%) (modeled ILO estimate),SL.TLF.CACT.FM.ZS,Aruba,ABW,..,..,..,..,..,..,..,..,..,..
Ratio of female to male labor force participation rate (%) (modeled ILO estimate),SL.TLF.CACT.FM.ZS,Australia,AUS,81.6233407079646,81.9902574808629,82.2377622377622,82.6674169949353,83.0853453116227,83.8750706613906,84.4491525423729,84.9943693693694,85.469364811692,..
Ratio of female to male labor force participation rate (%) (modeled ILO estimate),SL.TLF.CACT.FM.ZS,Austria,AUT,80.8165716001201,81.5303825956489,81.9327731092437,82.5416036308623,82.648886194878,82.9588297391042,82.9187396351576,82.5337331334333,82.7606901725431,..
Ratio of female to male labor force participation rate (%) (modeled ILO estimate),SL.TLF.CACT.FM.ZS,Azerbaijan,AZE,90.6945681211042,90.3311649911295,90.2295467922307,90.5792861322411,91.0308677926616,90.332759609868,90.3511276049101,90.7096038757481,90.4734658847089,..
Ratio of female to male labor force participation rate (%) (modeled ILO estimate),SL.TLF.CACT.FM.ZS,"Bahamas, The",BHS,85.1992642550583,85.5862492326581,85.2840352595495,85.4171764130169,85.4994498104903,85.6077280508682,85.597261278885,85.7177824011749,85.859576032349,..
Ratio of female to male labor force participation rate (%) (modeled ILO estimate),SL.TLF.CACT.FM.ZS,Bahrain,BHR,49.6364685516445,49.7409326424871,49.908024833295,50.1033769813921,50.3448275862069,50.5566395041891,50.8938803575521,51.4315162620247,51.8777192580719,..
Ratio of female to male labor force participation rate (%) (modeled ILO estimate),SL.TLF.CACT.FM.ZS,Bangladesh,BGD,36.7134559535334,37.5730994152047,38.4445534838077,39.3404150197629,40.2662022639632,41.1875234874108,44.0378238978263,44.3667157584683,44.620291988713,..
Ratio of female to male labor force participation rate (%) (modeled ILO estimate),SL.TLF.CACT.FM.ZS,Barbados,BRB,86.6878628697816,86.2769834594898,87.8147733631785,89.6586931155193,88.5500575373993,88.904734740445,89.1101877059751,89.1767415083477,89.3001735106998,..
Ratio of female to male labor force participation rate (%) (modeled ILO estimate),SL.TLF.CACT.FM.ZS,Belarus,BLR,82.7778572450293,82.7758007117438,82.735648476258,82.695295945755,82.6264618853037,82.7047565437658,82.033328665453,80.6321918757799,80.3793055361874,..
Ratio of female to male labor force participation rate (%) (modeled ILO estimate),SL.TLF.CACT.FM.ZS,Belgium,BEL,78.4481313893079,78.516409912927,79.7018924803216,80.8521387672617,81.1971592830571,81.0210312075984,81.0184401962443,82.5445292620865,82.8958509737511,..
Ratio of female to male labor force participation rate (%) (modeled ILO estimate),SL.TLF.CACT.FM.ZS,Belize,BLZ,58.0870432722285,58.5,58.9399824583385,59.6429908875296,60.4878048780488,62.1393034825871,61.2627139667576,61.6728624535316,61.7752503399679,..
Ratio of female to male labor force participation rate (%) (modeled ILO estimate),SL.TLF.CACT.FM.ZS,Benin,BEN,92.3129067245119,92.4809989142237,92.7512579899361,93.0235726938275,93.2614922930023,93.4735117422174,93.7371803637358,94.0539799972599,94.397912947961,..
Ratio of female to male labor force participation rate (%) (modeled ILO estimate),SL.TLF.CACT.FM.ZS,Bermuda,BMU,..,..,..,..,..,..,..,..,..,..
Ratio of female to male labor force participation rate (%) (modeled ILO estimate),SL.TLF.CACT.FM.ZS,Bhutan,BTN,86.4586275063541,95.5773955773956,80.841717443673,76.701794360581,80.2617079889807,80.5353466026081,80.6094561355562,80.5464926590538,80.4165539626724,..
Ratio of female to male labor force participation rate (%) (modeled ILO estimate),SL.TLF.CACT.FM.ZS,Bolivia,BOL,75,72.3194201449638,73.507696158178,74.3702616776718,68.2975787228704,72.4598930481283,74.6808241688788,78.6228287841191,79.0518739141226,..
Ratio of female to male labor force participation rate (%) (modeled ILO estimate),SL.TLF.CACT.FM.ZS,Bosnia and Herzegovina,BIH,59.860990443093,59.5160459927922,60.0934094447327,62.4592134638502,62.2852233676976,60.7374530556504,62.1322256836276,60.9471516815374,64.4961240310078,..
Ratio of female to male labor force participation rate (%) (modeled ILO estimate),SL.TLF.CACT.FM.ZS,Botswana,BWA,80.7336880425651,81.8825100133511,83.4837545126354,83.599793708097,83.6080350244656,83.9855353222265,84.4438682914182,85.0013031013813,85.5328620057607,..
Ratio of female to male labor force participation rate (%) (modeled ILO estimate),SL.TLF.CACT.FM.ZS,Brazil,BRA,68.914451937062,69.6440299487718,69.6447368421053,69.8914769719428,70.8084428514536,71.186214266631,72.6613877331902,73.1825525040388,74.0954942837929,..
Ratio of female to male labor force participation rate (%) (modeled ILO estimate),SL.TLF.CACT.FM.ZS,British Virgin Islands,VGB,..,..,..,..,..,..,..,..,..,..
Ratio of female to male labor force participation rate (%) (modeled ILO estimate),SL.TLF.CACT.FM.ZS,Brunei Darussalam,BRN,76.3403574286476,77.0685262169773,77.8377648805507,78.6083174775754,79.3650793650794,80.1791867677464,80.988751562283,78.9950020262056,77.1739130434783,..
Ratio of female to male labor force participation rate (%) (modeled ILO estimate),SL.TLF.CACT.FM.ZS,Bulgaria,BGR,81.0922205048944,81.4821124361158,81.4535078885532,80.9420772303595,80.8779514466245,80.1443437395099,80.3270725388601,79.4908973739327,79.2610062893082,..
Ratio of female to male labor force participation rate (%) (modeled ILO estimate),SL.TLF.CACT.FM.ZS,Burkina Faso,BFA,73.8913801694071,74.8286367098248,75.9004923555325,77.1330153683095,77.3251957012074,77.514950166113,77.7363515312916,77.989855846236,78.2789079229122,..
Ratio of female to male labor force participation rate (%) (modeled ILO estimate),SL.TLF.CACT.FM.ZS,Burundi,BDI,103.800752367363,103.886145048089,103.957817992449,104.044357469015,103.78728923476,103.602324080052,103.462479083537,103.378725590956,103.364149974319,..
Ratio of female to male labor force participation rate (%) (modeled ILO estimate),SL.TLF.CACT.FM.ZS,Cabo Verde,CPV,68.4353546910755,69.9052812858783,71.4388592827308,72.9956584659913,74.5594874035241,76.1806981519507,77.8287235616033,78.6074074074074,79.3554136343383,..
Ratio of female to male labor force participation rate (%) (modeled ILO estimate),SL.TLF.CACT.FM.ZS,Cambodia,KHM,91.9781323217673,89.4272130405252,86.5001726320635,85.9703550499828,85.4595651673761,86.2908680947012,88.0214269432414,87.8805153346255,87.7467199087279,..
Ratio of female to male labor force participation rate (%) (modeled ILO estimate),SL.TLF.CACT.FM.ZS,Cameroon,CMR,86.7639842983317,86.8121093271234,86.9027199215878,87.0236490626149,87.1857755977928,87.346588119784,87.5368731563422,87.7817465205075,88.0464312175846,..
Ratio of female to male labor force participation rate (%) (modeled ILO estimate),SL.TLF.CACT.FM.ZS,Canada,CAN,86.4413909141896,86.8958714949979,87.1805732034449,86.7394695787831,86.287577992059,86.7663817663818,87.1703492516037,87.5520459440057,87.1542629027659,..
Ratio of female to male labor force participation rate (%) (modeled ILO estimate),SL.TLF.CACT.FM.ZS,Caribbean small states,CSS,73.1713958420044,73.9631233309536,74.7755003919367,74.8814847309559,74.7092124139513,76.1044659859517,76.5953225351796,76.528399945855,76.7178850522242,..
Ratio of female to male labor force participation rate (%) (modeled ILO estimate),SL.TLF.CACT.FM.ZS,Cayman Islands,CYM,..,..,..,..,..,..,..,..,..,..
Ratio of female to male labor force participation rate (%) (modeled ILO estimate),SL.TLF.CACT.FM.ZS,Central African Republic,CAF,80.2740402419454,79.9827543729983,79.6303097074305,79.527076696888,79.523400073701,79.8395061728395,80.23096982491,80.675,81.1453744493392,..
Ratio of female to male labor force participation rate (%) (modeled ILO estimate),SL.TLF.CACT.FM.ZS,Central Europe and the Baltics,CEB,75.4656159407526,75.6551406842549,75.5286667729181,75.4739021279868,75.2769836669104,75.1313159955301,75.25556385065,75.2119008568483,74.8663448724387,..
Ratio of female to male labor force participation rate (%) (modeled ILO estimate),SL.TLF.CACT.FM.ZS,Chad,TCD,80.6235799040646,80.8305900227906,81.0872602565731,81.3846742317991,81.7123112362426,81.8939005638134,82.1368948247078,82.4590797783219,82.8264526983305,..
Ratio of female to male labor force participation rate (%) (modeled ILO estimate),SL.TLF.CACT.FM.ZS,Channel Islands,CHI,75.3467099439363,75.8145734597156,76.1437908496732,76.3392857142857,76.6537544696067,77.2040113755426,77.7410136862686,78.0428873452129,78.4554695797299,..
Ratio of female to male labor force participation rate (%) (modeled ILO estimate),SL.TLF.CACT.FM.ZS,Chile,CHL,64.9281532730176,65.548128342246,66.3091567234214,67.2261009667025,67.0594536689877,67.8701333692577,68.7828548321876,69.8754400216626,70.5914418097574,..
Ratio of female to male labor force participation rate (%) (modeled ILO estimate),SL.TLF.CACT.FM.ZS,China,CHN,81.5691795725074,81.4239897370109,81.3175501801338,81.213686249193,81.0548140469094,80.8798646362098,80.6434737117447,80.3576124112543,80.0660938532716,..
Ratio of female to male labor force participation rate (%) (modeled ILO estimate),SL.TLF.CACT.FM.ZS,Colombia,COL,68.8215242269296,70.2496364517693,70.6938675787931,70.6320156173743,71.2909911008168,71.2657762529102,71.2931034482759,70.7555335724001,70.1147991015722,..
Ratio of female to male labor force participation rate (%) (modeled ILO estimate),SL.TLF.CACT.FM.ZS,Comoros,COM,60.1786039730272,59.5392368610511,58.9438122332859,58.3831282952548,58.8059701492537,59.205903021785,59.7043814886504,60.2645502645503,60.8342170378226,..
Ratio of female to male labor force participation rate (%) (modeled ILO estimate),SL.TLF.CACT.FM.ZS,"Congo, Dem. Rep.",COD,92.1331761932823,91.2524257351844,91.2634408602151,91.3687359760658,91.4893617021277,91.4593946658675,91.5678919729932,91.8133935289691,92.0742753623188,..
Ratio of female to male labor force participation rate (%) (modeled ILO estimate),SL.TLF.CACT.FM.ZS,"Congo, Rep.",COG,94.333843797856,94.1258158589085,94.0344062153163,94.0833333333333,94.1053802307799,94.1307371349096,94.2602396210644,94.5602013704377,94.8483997754071,..
Ratio of female to male labor force participation rate (%) (modeled ILO estimate),SL.TLF.CACT.FM.ZS,Costa Rica,CRI,60.3299188506053,65.0193548387097,64.8227502921699,64.0509289333506,64.0571277439831,60.6105632851547,60.7518997467004,62.8022480721474,67.2279792746114,..
Ratio of female to male labor force participation rate (%) (modeled ILO estimate),SL.TLF.CACT.FM.ZS,Cote d'Ivoire,CIV,63.4677532668259,64.0740740740741,64.7356255417509,65.4404221017148,66.1710037174721,66.988679245283,70.2029812876626,70.7212227352332,71.2254353730628,..
Ratio of female to male labor force participation rate (%) (modeled ILO estimate),SL.TLF.CACT.FM.ZS,Croatia,HRV,74.4609727561424,75.4204178698828,76.9604441360166,78.5228046289993,78.6716241338516,78.0947441217151,77.7644642245806,78.7815853236414,77.9553264604811,..
Ratio of female to male labor force participation rate (%) (modeled ILO estimate),SL.TLF.CACT.FM.ZS,Cuba,CUB,61.8823529411765,62.1897163120567,62.4257719714964,62.3529411764706,62.6908111343909,62.3707477895999,62.2278937096532,62.1483375959079,61.8480554718119,..
Ratio of female to male labor force participation rate (%) (modeled ILO estimate),SL.TLF.CACT.FM.ZS,Curacao,CUW,..,..,..,..,..,..,..,..,..,..
Ratio of female to male labor force participation rate (%) (modeled ILO estimate),SL.TLF.CACT.FM.ZS,Cyprus,CYP,81.5181518151815,80.7415924116125,81.3150289017341,84.1262912847374,85.8371644668545,85.0111856823266,84.9933204690515,84.2971595047341,83.6523240754066,..
Ratio of female to male labor force participation rate (%) (modeled ILO estimate),SL.TLF.CACT.FM.ZS,Czech Republic,CZE,73.2513337285122,73.9586410635155,74.8202494497432,74.5720555961961,75.3406593406593,75.8706105201807,76.4252472367655,77.0180023228804,77.0049577136191,..
Ratio of female to male labor force participation rate (%) (modeled ILO estimate),SL.TLF.CACT.FM.ZS,Denmark,DNK,86.5927568366593,87.4361286444244,88.2452107279694,87.07015130674,86.1685940353013,87.7616501145913,87.6353102607105,87.1907724996206,86.8417104276069,..
Ratio of female to male labor force participation rate (%) (modeled ILO estimate),SL.TLF.CACT.FM.ZS,Djibouti,DJI,70.4841449603624,71.0103737388091,71.4326443335709,71.870081556732,72.3810892369593,72.5950460829493,72.9702398150824,73.5046457607433,73.9865850102071,..
Ratio of female to male labor force participation rate (%) (modeled ILO estimate),SL.TLF.CACT.FM.ZS,Dominica,DMA,..,..,..,..,..,..,..,..,..,..
Ratio of female to male labor force participation rate (%) (modeled ILO estimate),SL.TLF.CACT.FM.ZS,Dominican Republic,DOM,59.9009900990099,60.7645341120255,61.1839491458085,61.9060225016545,63.5862599333504,64.5860035888234,65.0269714872849,65.4392358929245,67.9309049943673,..
Ratio of female to male labor force participation rate (%) (modeled ILO estimate),SL.TLF.CACT.FM.ZS,Early-demographic dividend,EAR,45.4280241030508,45.1172704600272,45.0678016833961,45.0580681620323,45.2597895817716,45.4591736272801,45.6519373063097,45.8994107568624,46.2660695458357,..
Ratio of female to male labor force participation rate (%) (modeled ILO estimate),SL.TLF.CACT.FM.ZS,East Asia & Pacific,EAS,77.7776643632624,77.7055217045714,77.6141967884838,77.6129797396764,77.5892514395549,77.5555522362284,77.4695912049155,77.5339386546093,77.5041036755145,..
Ratio of female to male labor force participation rate (%) (modeled ILO estimate),SL.TLF.CACT.FM.ZS,East Asia & Pacific (excluding high income),EAP,78.5886263577658,78.4573396690741,78.267369186566,78.1990957435798,78.0917907095823,77.9842565950724,77.7994034392734,77.7716813339586,77.6504998164649,..
Ratio of female to male labor force participation rate (%) (modeled ILO estimate),SL.TLF.CACT.FM.ZS,East Asia & Pacific (IDA & IBRD),TEA,78.5094986593557,78.377348263824,78.18558139796,78.1175697946529,78.0104301024105,77.9012329171821,77.7154780899771,77.6899085867065,77.5669566813717,..
Ratio of female to male labor force participation rate (%) (modeled ILO estimate),SL.TLF.CACT.FM.ZS,Ecuador,ECU,61.4681197544783,63.0200501253133,62.2418136020151,60.6432236265799,64.3465383191411,68.5447164472875,69.1075794621027,67.9442938131624,68.3727847316892,..
Ratio of female to male labor force participation rate (%) (modeled ILO estimate),SL.TLF.CACT.FM.ZS,"Egypt, Arab Rep.",EGY,29.0723832208548,29.5358649789029,30.6243414120126,31.1590367822175,30.6108535587674,31.354181016669,30.7627238122092,25.9181384917297,25.9378951805536,..
Ratio of female to male labor force participation rate (%) (modeled ILO estimate),SL.TLF.CACT.FM.ZS,El Salvador,SLV,59.6708893822646,60.5560608029102,62.1036147722824,61.0097805974095,59.9893730074389,60.6940229581739,59.8022412656559,59.6983328922995,59.9102073154628,..
Ratio of female to male labor force participation rate (%) (modeled ILO estimate),SL.TLF.CACT.FM.ZS,Equatorial Guinea,GNQ,80.0830490879431,80.5505952380952,80.8241594763463,80.9425014819206,81.0113519091847,81.340068340514,81.6674137158225,81.8073010173549,81.7422434367542,..
Ratio of female to male labor force participation rate (%) (modeled ILO estimate),SL.TLF.CACT.FM.ZS,Eritrea,ERI,84.8610289769367,84.2351838838135,83.5556070972979,83.256190696598,82.6061997703789,82.8249107862323,82.7982970889426,82.9600554144539,83.2038947490437,..
Ratio of female to male labor force participation rate (%) (modeled ILO estimate),SL.TLF.CACT.FM.ZS,Estonia,EST,81.8262150220913,81.0660418802167,81.0011709601874,79.2307692307692,80.5379746835443,79.9066081788595,79.9636210997621,80.4655728509326,81.5124858115777,..
Ratio of female to male labor force participation rate (%) (modeled ILO estimate),SL.TLF.CACT.FM.ZS,Eswatini,SWZ,80.3753069098562,81.4573041637262,82.435306628855,83.0493432729854,83.4280639431616,84.5305832147937,85.1615193468229,85.5372632324305,85.9441301272984,..
Ratio of female to male labor force participation rate (%) (modeled ILO estimate),SL.TLF.CACT.FM.ZS,Ethiopia,ETH,83.0776173285199,83.1693247370207,83.2615105466092,83.7442922374429,84.2256433823529,84.6304849884527,85.0609402205456,85.469387755102,85.8833177132146,..
Ratio of female to male labor force participation rate (%) (modeled ILO estimate),SL.TLF.CACT.FM.ZS,Euro area,EMU,77.9978067556341,78.6357883649407,79.2553605174674,79.6236889396254,79.8473795417263,80.2714806600803,80.4428860930511,80.5533873122849,80.9552563663157,..
Ratio of female to male labor force participation rate (%) (modeled ILO estimate),SL.TLF.CACT.FM.ZS,Europe & Central Asia,ECS,75.7135754302139,75.8884780279253,76.0941218489042,76.1131902697132,76.1225783318099,76.2493699956256,76.3335580280537,76.4265652083648,76.6506310051404,..
Ratio of female to male labor force participation rate (%) (modeled ILO estimate),SL.TLF.CACT.FM.ZS,Europe & Central Asia (excluding high income),ECA,72.068497738873,71.7655670583683,71.5534154479802,71.1345551484811,70.9062439630642,70.7593463186373,70.6695511005563,70.6497264859174,70.673940155217,..
Ratio of female to male labor force participation rate (%) (modeled ILO estimate),SL.TLF.CACT.FM.ZS,Europe & Central Asia (IDA & IBRD),TEC,72.3435991968116,72.0990851830617,71.8976758131759,71.5430311855202,71.3193520946443,71.1406507491455,71.0285015527835,71.0382052780733,71.0022020086252,..
Ratio of female to male labor force participation rate (%) (modeled ILO estimate),SL.TLF.CACT.FM.ZS,European Union,EUU,77.7386811496314,78.2799766461344,78.7475887154723,79.0127023732788,79.1186643183757,79.4137468096602,79.5675956534769,79.664138995468,79.8771569336144,..
Ratio of female to male labor force participation rate (%) (modeled ILO estimate),SL.TLF.CACT.FM.ZS,Faroe Islands,FRO,..,..,..,..,..,..,..,..,..,..
Ratio of female to male labor force participation rate (%) (modeled ILO estimate),SL.TLF.CACT.FM.ZS,Fiji,FJI,56.4583071311785,55.6248409264444,54.8711340206186,54.1666666666667,52.0379023883697,49.9741133833808,50.0259942812581,50.0195592645717,49.9542663007971,..
Ratio of female to male labor force participation rate (%) (modeled ILO estimate),SL.TLF.CACT.FM.ZS,Finland,FIN,87.1506635441062,88.013213780085,88.4198789423383,88.9601025476687,89.1492776886035,88.3866816792665,88.177891537354,88.4481117105681,88.4743610096841,..
Ratio of female to male labor force participation rate (%) (modeled ILO estimate),SL.TLF.CACT.FM.ZS,Fragile and conflict affected situations,FCS,73.5838359364827,73.2196361178652,73.019379944037,73.0254211493812,73.1016892830098,73.0122096192751,72.6172043741832,72.5101061347966,72.1871714067352,..
Ratio of female to male labor force participation rate (%) (modeled ILO estimate),SL.TLF.CACT.FM.ZS,France,FRA,82.4495770982433,82.5438027255029,83.1839661072185,83.6597005101201,83.712495878668,84.0946706388613,83.9522546419098,84.3547583457897,84.8693029490617,..
Ratio of female to male labor force participation rate (%) (modeled ILO estimate),SL.TLF.CACT.FM.ZS,French Polynesia,PYF,76.5717860494213,77.4614658697704,77.3939107114687,77.3569957217557,77.4677084994419,77.5850995504175,77.8533268576979,78.096947935368,78.2072368421053,..
Ratio of female to male labor force participation rate (%) (modeled ILO estimate),SL.TLF.CACT.FM.ZS,Gabon,GAB,69.5764019893672,70.1352045182269,70.6182933060807,70.9361270699561,71.1918312688316,70.7361455748552,70.3091771634222,69.9513776337115,69.7550757331614,..
Ratio of female to male labor force participation rate (%) (modeled ILO estimate),SL.TLF.CACT.FM.ZS,"Gambia, The",GMB,73.5099337748344,73.9443872296602,74.1826215022091,74.3378457916422,74.6169711255156,74.6727459920577,74.8235294117647,75.0625644045341,75.3723639581183,..
Ratio of female to male labor force participation rate (%) (modeled ILO estimate),SL.TLF.CACT.FM.ZS,Georgia,GEO,72.4509183027232,71.8089076884797,70.6248444112522,71.5806411684614,72.985664854177,71.0402767482086,72.6330603889458,75.6255917760043,75.4438677956842,..
Ratio of female to male labor force participation rate (%) (modeled ILO estimate),SL.TLF.CACT.FM.ZS,Germany,DEU,80.3536640191818,80.5226009911398,81.3513513513514,81.7333734577189,82.2087745839637,82.668479903294,82.9787234042553,82.8532853285328,82.9581034739824,..
Ratio of female to male labor force participation rate (%) (modeled ILO estimate),SL.TLF.CACT.FM.ZS,Ghana,GHA,90.5451564421369,89.8534848692318,89.1298380455668,88.3980181668043,87.6483577146012,87.893864013267,88.2866648184086,88.6695398303906,89.0779746129167,..
Ratio of female to male labor force participation rate (%) (modeled ILO estimate),SL.TLF.CACT.FM.ZS,Gibraltar,GIB,..,..,..,..,..,..,..,..,..,..
Ratio of female to male labor force participation rate (%) (modeled ILO estimate),SL.TLF.CACT.FM.ZS,Greece,GRC,70.6979736249598,72.0026028957215,72.1295387634936,73.3012926748425,74.8081414748082,75.2380952380952,74.6206436551609,73.725294801528,73.8028169014084,..
Ratio of female to male labor force participation rate (%) (modeled ILO estimate),SL.TLF.CACT.FM.ZS,Greenland,GRL,..,..,..,..,..,..,..,..,..,..
Ratio of female to male labor force participation rate (%) (modeled ILO estimate),SL.TLF.CACT.FM.ZS,Grenada,GRD,..,..,..,..,..,..,..,..,..,..
Ratio of female to male labor force participation rate (%) (modeled ILO estimate),SL.TLF.CACT.FM.ZS,Guam,GUM,70.3256779551058,70.2709744658676,70.2366941284164,70.1613961422386,69.9973704969761,69.8222514812377,69.6150804112839,69.361646003693,69.1819743623629,..
Ratio of female to male labor force participation rate (%) (modeled ILO estimate),SL.TLF.CACT.FM.ZS,Guatemala,GTM,47.9533555449786,52.5655644241733,48.6535008976661,48.3710460845871,45.6969130028064,47.8383790788079,45.9756803705848,46.4666357738647,47.0035933696534,..
Ratio of female to male labor force participation rate (%) (modeled ILO estimate),SL.TLF.CACT.FM.ZS,Guinea,GIN,98.6736144007579,99.2696093998095,99.8403830806065,100.449438202247,101.049233252623,102.103718199609,103.112135682529,103.948241539482,104.742818971276,..
Ratio of female to male labor force participation rate (%) (modeled ILO estimate),SL.TLF.CACT.FM.ZS,Guinea-Bissau,GNB,82.6219126029132,82.6691967109424,82.7769347496206,82.8636421079237,83.0171977744057,83.0909320854939,83.2194381169324,83.3692210259658,83.5828469931489,..
Ratio of female to male labor force participation rate (%) (modeled ILO estimate),SL.TLF.CACT.FM.ZS,Guyana,GUY,53.9238754325259,55.3143817392522,56.7058490298825,58.0899198167239,59.4672843080486,60.8568504167276,62.2471578325705,63.6594094840441,64.1509433962264,..
Ratio of female to male labor force participation rate (%) (modeled ILO estimate),SL.TLF.CACT.FM.ZS,Haiti,HTI,85.6882534342585,86.1219921656407,86.8148769574944,87.2435450104675,87.3921514055107,87.5017339436815,87.5691371681416,87.7241379310345,87.4382207578254,..
Ratio of female to male labor force participation rate (%) (modeled ILO estimate),SL.TLF.CACT.FM.ZS,Heavily indebted poor countries (HIPC),HPC,81.2390994000182,81.0428973466796,81.0345147755274,81.1384368473718,81.2631793302409,81.6009967459544,81.9773880218063,82.435214956883,82.7838765894086,..
Ratio of female to male labor force participation rate (%) (modeled ILO estimate),SL.TLF.CACT.FM.ZS,High income,HIC,76.2497140151965,76.4315120244785,76.7711837810873,77.0942626160966,77.2339686769796,77.5757438450886,78.0043484305259,78.3237340612795,78.7051025289377,..
Ratio of female to male labor force participation rate (%) (modeled ILO estimate),SL.TLF.CACT.FM.ZS,Honduras,HND,49.8501737983939,48.8695441905453,52.7784263366799,55.930029154519,56.6537694923203,56.8829020441924,55.0392066420664,60.3045449261885,60.7250755287009,..
Ratio of female to male labor force participation rate (%) (modeled ILO estimate),SL.TLF.CACT.FM.ZS,"Hong Kong SAR, China",HKG,77.0282186948854,77.4773458053201,78.3031182015954,78.9112667834209,79.2031523642732,79.3678665496049,79.808963997061,79.890903729913,79.5168222913888,..
Ratio of female to male labor force participation rate (%) (modeled ILO estimate),SL.TLF.CACT.FM.ZS,Hungary,HUN,74.9957301451751,75.5904183535763,74.6427384513127,74.6894660429101,74.5701214702634,74.264478166615,73.8897396630934,73.7218502738892,73.098974049487,..
Ratio of female to male labor force participation rate (%) (modeled ILO estimate),SL.TLF.CACT.FM.ZS,IBRD only,IBD,63.3816821606658,63.0925687576043,62.9078533516403,62.7026681507766,62.6099331084872,62.5308064598646,62.4436821119337,62.3618668672963,62.3542618932791,..
Ratio of female to male labor force participation rate (%) (modeled ILO estimate),SL.TLF.CACT.FM.ZS,Iceland,ISL,89.5777522643194,90.9955041746949,90.8259212198221,89.7499689016047,90.3026559604694,88.8861897242803,89.3170309991355,89.3499308437068,89.4508854631163,..
Ratio of female to male labor force participation rate (%) (modeled ILO estimate),SL.TLF.CACT.FM.ZS,IDA & IBRD total,IBT,64.5700351632094,64.3219410163945,64.1776204162147,64.0866645061527,64.0883320866422,64.081427655158,64.0774080856421,64.0660941920064,64.102603295594,..
Ratio of female to male labor force participation rate (%) (modeled ILO estimate),SL.TLF.CACT.FM.ZS,IDA blend,IDB,63.9989301829313,63.4301512342754,62.9459371923444,63.0776704794753,63.03892556161,62.6353960863431,61.8905107461981,61.220628844487,60.9204400228877,..
Ratio of female to male labor force participation rate (%) (modeled ILO estimate),SL.TLF.CACT.FM.ZS,IDA only,IDX,71.6169612727144,71.6600138899902,71.7867020691954,72.1087180135498,72.5078186557606,72.9122401244824,73.4701015998475,73.9302156986354,74.1894068891703,..
Ratio of female to male labor force participation rate (%) (modeled ILO estimate),SL.TLF.CACT.FM.ZS,IDA total,IDA,69.2490093860336,69.1108447653875,69.0613499541358,69.3250670530348,69.5787922772261,69.7428601807533,69.9029517078298,70.0118430629275,70.0846359863854,..
Ratio of female to male labor force participation rate (%) (modeled ILO estimate),SL.TLF.CACT.FM.ZS,India,IND,30.4136556192375,28.8721804511278,28.5209490156487,28.1973048563438,27.9108492378635,27.6436410587476,27.405285770082,27.1927521008403,27.3840885142255,..
Ratio of female to male labor force participation rate (%) (modeled ILO estimate),SL.TLF.CACT.FM.ZS,Indonesia,IDN,61.2535953978907,61.5357100274234,61.0157281786529,61.0776277724204,61.4740165128703,62.2333905368963,63.452832497247,64.6642246642247,65.4861871729342,..
Ratio of female to male labor force participation rate (%) (modeled ILO estimate),SL.TLF.CACT.FM.ZS,"Iran, Islamic Rep.",IRN,21.6130884041332,20.8177368269508,20.0809014735626,19.387607023654,21.2142959667002,23.5277503177517,25.0314817405905,24.6624913013222,24.3097736057427,..
Ratio of female to male labor force participation rate (%) (modeled ILO estimate),SL.TLF.CACT.FM.ZS,Iraq,IRQ,16.4801768200028,16.3724137931034,17.3349699945445,18.3780866279854,19.0895542609403,19.8637602179836,15.2638700947226,15.3545956129727,15.5265284136817,..
Ratio of female to male labor force participation rate (%) (modeled ILO estimate),SL.TLF.CACT.FM.ZS,Ireland,IRL,79.5398993529835,79.7195721306736,80.2739726027397,79.7749567224466,79.3177892918825,80.3952683208309,81.0693011768124,81.6252362261957,81.8049702078186,..
Ratio of female to male labor force participation rate (%) (modeled ILO estimate),SL.TLF.CACT.FM.ZS,Isle of Man,IMN,..,..,..,..,..,..,..,..,..,..
Ratio of female to male labor force participation rate (%) (modeled ILO estimate),SL.TLF.CACT.FM.ZS,Israel,ISR,82.0216606498195,83.4941667866916,83.5201149425287,84.9108170310702,84.8654869802906,85.6833597921778,85.5512209218321,86.9755244755245,87.6986462625074,..
Ratio of female to male labor force participation rate (%) (modeled ILO estimate),SL.TLF.CACT.FM.ZS,Italy,ITA,65.0639386189258,66.6892006084164,67.3389164245428,68.0560300649129,67.3024523160763,67.9864636209814,68.6814114469019,68.9166385420182,69.3974272173324,..
Ratio of female to male labor force participation rate (%) (modeled ILO estimate),SL.TLF.CACT.FM.ZS,Jamaica,JAM,78.8415238634754,79.4780376497433,80.4479504155515,79.9634677532668,80.1873601789709,81.9413716814159,82.8508711757443,82.3171574726946,82.3047515019115,..
Ratio of female to male labor force participation rate (%) (modeled ILO estimate),SL.TLF.CACT.FM.ZS,Japan,JPN,67.6034675615213,68.062015503876,69.2025405786874,69.8630136986301,70.4494064443188,71.3338973491258,72.4555962785453,73.7320106189744,74.6793084216397,..
Ratio of female to male labor force participation rate (%) (modeled ILO estimate),SL.TLF.CACT.FM.ZS,Jordan,JOR,22.9919830585388,22.8351309707242,21.6969317470257,21.7738151102769,21.9233776387803,22.0712277413308,22.2899094033115,22.5539231009691,22.8396994364433,..
Ratio of female to male labor force participation rate (%) (modeled ILO estimate),SL.TLF.CACT.FM.ZS,Kazakhstan,KAZ,86.0811166710561,85.9658344283837,85.7966457023061,85.3385416666667,84.8760223289627,84.0627041149575,83.1797841537247,83.0982201713909,83.0355961360328,..
Ratio of female to male labor force participation rate (%) (modeled ILO estimate),SL.TLF.CACT.FM.ZS,Kenya,KEN,88.9798073116009,89.5143343369551,90.0311931375097,90.5487411233053,91.0443931229151,91.5433673469388,92.3521850899743,93.19683814954,94.093819417222,..
Ratio of female to male labor force participation rate (%) (modeled ILO estimate),SL.TLF.CACT.FM.ZS,Kiribati,KIR,..,..,..,..,..,..,..,..,..,..
Ratio of female to male labor force participation rate (%) (modeled ILO estimate),SL.TLF.CACT.FM.ZS,"Korea, Dem. People's Rep.",PRK,84.0947738351661,84.0158820192853,83.9310031774852,83.8288697231049,83.682957251389,83.6681420951084,83.5127478753541,83.3163669268182,83.2955832389581,..
Ratio of female to male labor force participation rate (%) (modeled ILO estimate),SL.TLF.CACT.FM.ZS,"Korea, Rep.",KOR,68.8286544046467,69.0991860946338,69.3655172413793,70.0681198910082,71.5438260631752,71.830985915493,72.4505119453925,73.0004115790918,73.8598901098901,..
Ratio of female to male labor force participation rate (%) (modeled ILO estimate),SL.TLF.CACT.FM.ZS,Kosovo,XKX,..,..,..,..,..,..,..,..,..,..
Ratio of female to male labor force participation rate (%) (modeled ILO estimate),SL.TLF.CACT.FM.ZS,Kuwait,KWT,55.0316678395496,55.4868804664723,56.1927934190708,56.8087557603687,57.3116183048515,57.1739628695851,57.2814425930153,57.0385580652521,56.8070295560881,..
Ratio of female to male labor force participation rate (%) (modeled ILO estimate),SL.TLF.CACT.FM.ZS,Kyrgyz Republic,KGZ,68.297430573579,67.074122236671,64.3566945606695,67.1598027455684,66.0532238845492,64.0832008479067,61.2293773283662,59.479753285063,59.2130002686006,..
Ratio of female to male labor force participation rate (%) (modeled ILO estimate),SL.TLF.CACT.FM.ZS,Lao PDR,LAO,96.6146488799396,96.4070351758794,96.2122162297755,96.0180315552217,95.8599124452783,95.8698372966208,95.8672510958046,95.8651798020298,95.8401202856785,..
Ratio of female to male labor force participation rate (%) (modeled ILO estimate),SL.TLF.CACT.FM.ZS,Late-demographic dividend,LTE,78.5797946074517,78.5279341634507,78.3990747521632,78.3379206629549,78.2463462817156,78.1454973216693,78.1044800780465,77.9650706399089,77.8412310056106,..
Ratio of female to male labor force participation rate (%) (modeled ILO estimate),SL.TLF.CACT.FM.ZS,Latin America & Caribbean,LCN,65.5182541623271,66.3304156241485,66.4331546044517,66.261123027469,66.6685464641774,67.1616433788849,67.7025469710515,68.2914604413055,68.9863013835618,..
Ratio of female to male labor force participation rate (%) (modeled ILO estimate),SL.TLF.CACT.FM.ZS,Latin America & Caribbean (excluding high income),LAC,65.5475354215625,66.3864949978363,66.4654726530576,66.2479050027163,66.7220621471926,67.3000208783354,67.9059048831467,68.5604980265608,69.402873302704,..
Ratio of female to male labor force participation rate (%) (modeled ILO estimate),SL.TLF.CACT.FM.ZS,Latin America & Caribbean (IDA & IBRD),TLA,65.5597674476089,66.3852599352528,66.484295284442,66.3075341881687,66.7174440753043,67.2235144651969,67.7755119920718,68.3745142074549,69.0834275521597,..
Ratio of female to male labor force participation rate (%) (modeled ILO estimate),SL.TLF.CACT.FM.ZS,Latvia,LVA,80.820872749466,81.1881188118812,81.2509442513975,80.0060087126333,80.0533491404861,81.7898486197685,81.1831893395812,81.4034577945663,81.6717903674425,..
Ratio of female to male labor force participation rate (%) (modeled ILO estimate),SL.TLF.CACT.FM.ZS,Least developed countries: UN classification,LDC,73.2913838429702,73.3260151714253,73.4185603519864,73.6784345403733,74.0694911855825,74.4406177852165,74.9674783385552,75.3859990288105,75.6459256458504,..
Ratio of female to male labor force participation rate (%) (modeled ILO estimate),SL.TLF.CACT.FM.ZS,Lebanon,LBN,32.3344748858447,32.2214336408801,32.0039598359497,31.7695125387433,31.5892832094263,31.7213344547239,31.8621269440942,31.9921765856384,32.030492030492,..
Ratio of female to male labor force participation rate (%) (modeled ILO estimate),SL.TLF.CACT.FM.ZS,Lesotho,LSO,78.7030984442411,78.2051282051282,77.6977475117863,78.1348373557188,78.6184210526316,78.9355816098011,79.1595310235806,79.4303797468354,79.7095709570957,..
Ratio of female to male labor force participation rate (%) (modeled ILO estimate),SL.TLF.CACT.FM.ZS,Liberia,LBR,86.5144972239358,86.6979849177896,86.988340362193,87.2388059701492,87.5561657513729,88.5805500982318,88.9341228719467,89.3131663773866,89.6637608966376,..
Ratio of female to male labor force participation rate (%) (modeled ILO estimate),SL.TLF.CACT.FM.ZS,Libya,LBY,53.3112582781457,53.1391889776108,52.9484985218609,52.717138875987,52.491899398241,52.3758265415962,52.2859772936484,52.191235059761,52.1066339819212,..
Ratio of female to male labor force participation rate (%) (modeled ILO estimate),SL.TLF.CACT.FM.ZS,Liechtenstein,LIE,..,..,..,..,..,..,..,..,..,..
Ratio of female to male labor force participation rate (%) (modeled ILO estimate),SL.TLF.CACT.FM.ZS,Lithuania,LTU,83.4800377239862,84.2311920841841,82.7018633540373,82.919349892671,83.9359901523311,84.1779788838612,84.0275696733593,83.6478914774403,84.5915201654602,..
Ratio of female to male labor force participation rate (%) (modeled ILO estimate),SL.TLF.CACT.FM.ZS,Low & middle income,LMY,64.5844087644906,64.3268175778087,64.1784423841823,64.0814045036295,64.0871356528567,64.0871142503015,64.0865257625,64.0747658137566,64.1259675461516,..
Ratio of female to male labor force participation rate (%) (modeled ILO estimate),SL.TLF.CACT.FM.ZS,Low income,LIC,77.7745746544725,77.7018547742515,77.7588167755734,77.9630183129549,78.19857523574,78.4694782072903,78.757437236213,79.0807902283591,79.4203217255051,..
Ratio of female to male labor force participation rate (%) (modeled ILO estimate),SL.TLF.CACT.FM.ZS,Lower middle income,LMC,49.3058692179048,48.7395343051161,48.638771544138,48.6774899042999,48.7572979792929,48.8413208389234,48.9625848546661,49.0780241985703,49.3093890610472,..
Ratio of female to male labor force participation rate (%) (modeled ILO estimate),SL.TLF.CACT.FM.ZS,Luxembourg,LUX,76.6521874030407,78.1988339981589,77.9829111992676,78.6535552193646,82.185054472917,82.0500782472614,84.9416587827184,85.9949701351776,83.8630431444803,..
Ratio of female to male labor force participation rate (%) (modeled ILO estimate),SL.TLF.CACT.FM.ZS,"Macao SAR, China",MAC,86.0374414976599,85.1221413721414,86.6169544740973,85.8561113976276,86.3253402462735,87.0211925760168,85.5942219304005,84.9254121957603,84.3523997370151,..
Ratio of female to male labor force participation rate (%) (modeled ILO estimate),SL.TLF.CACT.FM.ZS,Madagascar,MDG,95.8296557811121,95.9747172322023,95.1471404775125,94.2138644709024,93.1934835974113,93.3631785114717,93.5465768799102,93.7106210621062,93.8754793593503,..
Ratio of female to male labor force participation rate (%) (modeled ILO estimate),SL.TLF.CACT.FM.ZS,Malawi,MWI,88.7028273267807,88.1378476420798,87.6190476190476,87.9980622502119,88.3712443741637,88.8100770453712,89.2549791000738,89.6922506488691,90.189007709525,..
Ratio of female to male labor force participation rate (%) (modeled ILO estimate),SL.TLF.CACT.FM.ZS,Malaysia,MYS,58.659217877095,59.8918779765736,63.0688373285476,64.5838701365627,64.9967804249839,65.5359917141378,66.0959792477302,66.3266623628147,66.309262369203,..
Ratio of female to male labor force participation rate (%) (modeled ILO estimate),SL.TLF.CACT.FM.ZS,Maldives,MDV,54.8203909138933,55.5712451861361,56.4054493188351,57.379848743596,54.6723300970874,52.3716619924399,51.85633087435,50.6457785218847,49.1843971631206,..
Ratio of female to male labor force participation rate (%) (modeled ILO estimate),SL.TLF.CACT.FM.ZS,Mali,MLI,73.3909234700085,73.1837477258945,73.0806490675708,73.0652779459852,75.4589133916472,73.0934545007982,70.824653841441,71.0493978864586,71.3457505859134,..
Ratio of female to male labor force participation rate (%) (modeled ILO estimate),SL.TLF.CACT.FM.ZS,Malta,MLT,52.9147310055447,58.1212121212121,60.4041916167665,62.1649791542585,62.9756752723474,64.9536898715267,66.4675130694548,69.0688018979834,71.7762279269921,..
Ratio of female to male labor force participation rate (%) (modeled ILO estimate),SL.TLF.CACT.FM.ZS,Marshall Islands,MHL,..,..,..,..,..,..,..,..,..,..
Ratio of female to male labor force participation rate (%) (modeled ILO estimate),SL.TLF.CACT.FM.ZS,Mauritania,MRT,43.8527799530149,44.2791580946352,44.1893603546549,44.1381495564005,44.1027266962587,44.1041104586574,44.1213854464569,44.3985380581599,44.759477540618,..
Ratio of female to male labor force participation rate (%) (modeled ILO estimate),SL.TLF.CACT.FM.ZS,Mauritius,MUS,57.4819260673851,57.9277436946149,60.3183240375459,60.4361370716511,62.2309997275947,61.3203670730037,61.5678776290631,62.4271035823382,63.2406627351867,..
Ratio of female to male labor force participation rate (%) (modeled ILO estimate),SL.TLF.CACT.FM.ZS,Mexico,MEX,54.6381371932033,55.7757431330741,56.089258698941,54.9854669531151,55.5386757817445,55.7714285714286,55.4143365531266,56.1338763044032,58.0710918588355,..
Ratio of female to male labor force participation rate (%) (modeled ILO estimate),SL.TLF.CACT.FM.ZS,"Micronesia, Fed. Sts.",FSM,..,..,..,..,..,..,..,..,..,..
Ratio of female to male labor force participation rate (%) (modeled ILO estimate),SL.TLF.CACT.FM.ZS,Middle East & North Africa,MEA,29.2012143292596,29.4139677576687,29.6239673913881,29.7170723949708,30.1989844975429,30.9886709671628,30.9296583394974,29.9444880087004,29.8527264129322,..
Ratio of female to male labor force participation rate (%) (modeled ILO estimate),SL.TLF.CACT.FM.ZS,Middle East & North Africa (excluding high income),MNA,25.5279177042068,25.513412026298,25.6942335207394,25.5350286958454,25.8152580689677,26.5739154334319,26.3845960201329,24.9969785348693,24.8794274802336,..
Ratio of female to male labor force participation rate (%) (modeled ILO estimate),SL.TLF.CACT.FM.ZS,Middle East & North Africa (IDA & IBRD),TMN,25.5489348157042,25.5287698894974,25.7181968324324,25.5479977256943,25.8187633555928,26.5935335087718,26.4000661845328,24.9942794304518,24.8679924351779,..
Ratio of female to male labor force participation rate (%) (modeled ILO estimate),SL.TLF.CACT.FM.ZS,Middle income,MIC,63.4728131890555,63.1828403105235,62.9965389011249,62.8523466339095,62.8141604151727,62.763259000819,62.7101986792761,62.6382579919075,62.6332333557126,..
Ratio of female to male labor force participation rate (%) (modeled ILO estimate),SL.TLF.CACT.FM.ZS,Moldova,MDA,85.5053481772539,86.8234756793789,86.0335195530726,85.691894312584,87.3254337706306,87.0834240906121,85.879781420765,84.2867315452172,84.5949535192563,..
Ratio of female to male labor force participation rate (%) (modeled ILO estimate),SL.TLF.CACT.FM.ZS,Monaco,MCO,..,..,..,..,..,..,..,..,..,..
Ratio of female to male labor force participation rate (%) (modeled ILO estimate),SL.TLF.CACT.FM.ZS,Mongolia,MNG,81.1718632324145,82.4873485661708,81.1206766349494,80.7934131736527,80,79.6161982472046,79.9041629230308,75.6182212581345,77.9295774647887,..
Ratio of female to male labor force participation rate (%) (modeled ILO estimate),SL.TLF.CACT.FM.ZS,Montenegro,MNE,74.3456435998566,76.4861995753715,75.9880028228652,76.8551536763457,78.4284031633855,76.3765248928454,75.4015077023926,73.8383195416932,75.1572327044025,..
Ratio of female to male labor force participation rate (%) (modeled ILO estimate),SL.TLF.CACT.FM.ZS,Morocco,MAR,33.809902038655,33.0797971710702,33.1001076426265,32.4118207816969,31.7510694080309,31.1014816885658,30.4693038423366,30.6412626190815,30.7812945537496,..
Ratio of female to male labor force participation rate (%) (modeled ILO estimate),SL.TLF.CACT.FM.ZS,Mozambique,MOZ,100.355218030377,99.6431647594438,98.8871027575121,98.0977247295785,97.2607879924953,97.4780426599749,97.7332829618436,98.0273141122914,98.3115399263679,..
Ratio of female to male labor force participation rate (%) (modeled ILO estimate),SL.TLF.CACT.FM.ZS,Myanmar,MMR,64.9216567472367,64.7431987312431,64.5616186388718,64.3904844077407,64.2308645033441,62.9097327281896,61.6302952503209,62.7721241787969,60.7410327158061,..
Ratio of female to male labor force participation rate (%) (modeled ILO estimate),SL.TLF.CACT.FM.ZS,Namibia,NAM,84.2388721685411,85.0165955429113,89.955115307228,88.3438413040135,86.1620795107034,84.1472691312947,85.8739521887613,88.1595677050222,88.0208333333333,..
Ratio of female to male labor force participation rate (%) (modeled ILO estimate),SL.TLF.CACT.FM.ZS,Nauru,NRU,..,..,..,..,..,..,..,..,..,..
Ratio of female to male labor force participation rate (%) (modeled ILO estimate),SL.TLF.CACT.FM.ZS,Nepal,NPL,91.5476738830032,92.3388966156699,93.2975245212518,94.3600612268927,95.4513064133017,96.21022524133,96.7992356383614,97.2142515542803,97.4420272531676,..
Ratio of female to male labor force participation rate (%) (modeled ILO estimate),SL.TLF.CACT.FM.ZS,Netherlands,NLD,82.5845891384703,82.8926905132193,82.8943642027754,82.1398124467178,83.0479452054795,83.4339948231234,83.9185088859991,84.0945108773952,84.757937078006,..
Ratio of female to male labor force participation rate (%) (modeled ILO estimate),SL.TLF.CACT.FM.ZS,New Caledonia,NCL,86.0669693530079,85.8957887223412,85.6486137049274,85.3718411552346,85.0398262128892,84.8467238122911,84.6086703520512,84.393652642306,84.1737102885456,..
Ratio of female to male labor force participation rate (%) (modeled ILO estimate),SL.TLF.CACT.FM.ZS,New Zealand,NZL,83.0607002838989,83.8599836556796,84.4383934649421,84.7594663791942,84.7606203641268,85.2172753932285,85.3185595567867,85.9774685222001,86.9938321265755,..
Ratio of female to male labor force participation rate (%) (modeled ILO estimate),SL.TLF.CACT.FM.ZS,Nicaragua,NIC,57.0845830833833,57.4056378404205,57.7513384889947,58.1100308276026,58.8004750593824,59.4385631021768,60.0524371350256,59.3761119677381,58.7457186724932,..
Ratio of female to male labor force participation rate (%) (modeled ILO estimate),SL.TLF.CACT.FM.ZS,Niger,NER,75.2690533714035,74.0952380952381,73.0844342331993,72.3137069067646,72.3916913946587,72.4269075350606,72.4794667301512,72.5667938931298,72.6751135548649,..
Ratio of female to male labor force participation rate (%) (modeled ILO estimate),SL.TLF.CACT.FM.ZS,Nigeria,NGA,85.513078470825,84.6178548490687,83.8591220163579,83.3529510677653,82.9231030385334,82.6490293763958,80.5004170141785,78.5551948051948,76.8694550063371,..
Ratio of female to male labor force participation rate (%) (modeled ILO estimate),SL.TLF.CACT.FM.ZS,North America,NAC,82.5830031786657,82.2102228156005,82.2337795844205,82.4181716391031,82.1342351592731,82.2451499756314,82.7815767444055,82.9366062219751,83.2380812261916,..
Ratio of female to male labor force participation rate (%) (modeled ILO estimate),SL.TLF.CACT.FM.ZS,North Macedonia,MKD,64.2128603104213,63.813056379822,65.948275862069,64.5882352941177,64.3458980044346,62.5,63.0460448642267,63.6902117577373,67.8960096735187,..
Ratio of female to male labor force participation rate (%) (modeled ILO estimate),SL.TLF.CACT.FM.ZS,Northern Mariana Islands,MNP,..,..,..,..,..,..,..,..,..,..
Ratio of female to male labor force participation rate (%) (modeled ILO estimate),SL.TLF.CACT.FM.ZS,Norway,NOR,89.6060473906091,89.2624257354007,89.9473991817651,90.114571092832,89.6244337278971,89.7126013264554,90.0882045148752,89.7002077767884,89.7496667160421,..
Ratio of female to male labor force participation rate (%) (modeled ILO estimate),SL.TLF.CACT.FM.ZS,OECD members,OED,74.1556448251289,74.5040479823278,74.8830580462705,75.0330814241813,75.2217687250235,75.5299786252943,75.8968429601884,76.2094044012128,76.727101133182,..
Ratio of female to male labor force participation rate (%) (modeled ILO estimate),SL.TLF.CACT.FM.ZS,Oman,OMN,33.0647101274958,33.2661529342027,33.5629231846836,33.9156418802437,34.3187223921169,34.8524256474047,38.2865719893777,43.1804502227037,43.0211697165411,..
Ratio of female to male labor force participation rate (%) (modeled ILO estimate),SL.TLF.CACT.FM.ZS,Other small states,OSS,72.1679351445969,72.8730590655953,73.4043109068189,73.5346426437861,73.9768578781169,73.653866164383,73.7771128343701,73.9188560206861,74.010475845169,..
Ratio of female to male labor force participation rate (%) (modeled ILO estimate),SL.TLF.CACT.FM.ZS,Pacific island small states,PSS,71.9904721493915,71.9625085198962,72.0348390988012,72.1595815597712,71.6221640523824,71.117879146963,71.3966005566892,71.605432328409,71.7634177643825,..
Ratio of female to male labor force participation rate (%) (modeled ILO estimate),SL.TLF.CACT.FM.ZS,Pakistan,PAK,27.7435575109994,27.8909863732967,28.0741017033445,28.703819661866,29.5187430409501,28.4658040665434,27.4456855284154,26.4799412915851,26.4720254092353,..
Ratio of female to male labor force participation rate (%) (modeled ILO estimate),SL.TLF.CACT.FM.ZS,Palau,PLW,..,..,..,..,..,..,..,..,..,..
Ratio of female to male labor force participation rate (%) (modeled ILO estimate),SL.TLF.CACT.FM.ZS,Panama,PAN,57.3195355880868,59.585041620077,61.2727497833354,61.9697159304217,64.0439504925486,64.3188951663528,64.5189873417721,66.7708463557945,68.6780170255383,..
Ratio of female to male labor force participation rate (%) (modeled ILO estimate),SL.TLF.CACT.FM.ZS,Papua New Guinea,PNG,95.6882591093117,95.8764980702824,96.0293219303604,96.7341876808598,97.2436834412195,97.3816506074571,97.5015746378333,97.2820405603178,97.5415003151923,..
Ratio of female to male labor force participation rate (%) (modeled ILO estimate),SL.TLF.CACT.FM.ZS,Paraguay,PRY,66.9929900894368,71.6629026506597,70.3171753441053,67.6289406933204,67.4626145682586,66.9720404521118,67.225193107546,69.7105729474306,70.5730085892458,..
Ratio of female to male labor force participation rate (%) (modeled ILO estimate),SL.TLF.CACT.FM.ZS,Peru,PER,83.2518052643839,82.9623586994523,82.8346826234894,82.2792292233124,81.0176358436606,82.0481927710843,82.1571866886948,82.7273796917284,82.7529604877477,..
Ratio of female to male labor force participation rate (%) (modeled ILO estimate),SL.TLF.CACT.FM.ZS,Philippines,PHL,64.2950391644909,64.1692954784437,64.4670722031209,65.0124721018774,65.4617940199335,64.2970192561329,61.3452188006483,62.7678449570083,64.3374811978668,..
Ratio of female to male labor force participation rate (%) (modeled ILO estimate),SL.TLF.CACT.FM.ZS,Poland,POL,74.9534739454094,75.1776336113685,74.9306625577812,75.015318627451,74.8426707597851,74.4047619047619,74.0864291129644,74.3313069908815,73.7481031866464,..
Ratio of female to male labor force participation rate (%) (modeled ILO estimate),SL.TLF.CACT.FM.ZS,Portugal,PRT,81.6876122082585,82.7001664900863,83.2974137931035,83.4419615145872,83.7618824996104,83.3540952974151,83.668419424683,84.5009299442034,84.8766868310842,..
Ratio of female to male labor force participation rate (%) (modeled ILO estimate),SL.TLF.CACT.FM.ZS,Post-demographic dividend,PST,77.9892695859839,78.147608863327,78.6022545967226,78.9275322450267,79.0940413940966,79.4184903941891,79.8761102148379,80.1750983657545,80.6281094426338,..
Ratio of female to male labor force participation rate (%) (modeled ILO estimate),SL.TLF.CACT.FM.ZS,Pre-demographic dividend,PRE,81.2156351380618,80.887848486601,80.6680156632014,80.5767509230293,80.6784936887768,80.8453309775161,80.6938339521208,80.6154490876901,80.6141547863449,..
Ratio of female to male labor force participation rate (%) (modeled ILO estimate),SL.TLF.CACT.FM.ZS,Puerto Rico,PRI,64.7222222222222,64.7457627118644,64.7881924477669,64.8300117233294,64.8713345302214,65.4487050793013,65.9449615540267,66.5711947626841,67.6507276507276,..
Ratio of female to male labor force participation rate (%) (modeled ILO estimate),SL.TLF.CACT.FM.ZS,Qatar,QAT,55.615141955836,57.4756459127488,59.1834570519618,60.6678643136426,61.9117647058823,61.3362887903737,60.7838983050847,60.2583103959348,59.772055719713,..
Ratio of female to male labor force participation rate (%) (modeled ILO estimate),SL.TLF.CACT.FM.ZS,Romania,ROU,73.4905209494982,72.7401351988681,72.3313944348373,72.0305915405026,70.1599130569787,69.8335427135678,70.9343629343629,70.308898109728,69.7247706422018,..
Ratio of female to male labor force participation rate (%) (modeled ILO estimate),SL.TLF.CACT.FM.ZS,Russian Federation,RUS,79.5605953224663,79.3630573248408,78.7318175398955,78.4084507042253,77.8916339135317,77.8633436012321,77.7652529237706,78.0998162024601,78.1500572737686,..
Ratio of female to male labor force participation rate (%) (modeled ILO estimate),SL.TLF.CACT.FM.ZS,Rwanda,RWA,99.1624395422909,99.3143397564724,99.4785494192937,99.6671817425413,99.89281886388,100.143266475645,100.32285065168,100.551228280407,100.829326923077,..
Ratio of female to male labor force participation rate (%) (modeled ILO estimate),SL.TLF.CACT.FM.ZS,Samoa,WSM,56.5498652291105,56.278904304518,56.1614730878187,56.0437621316393,56.070796460177,56.3496328138993,56.2612127735917,55.9928443649374,56.0619708160692,..
Ratio of female to male labor force participation rate (%) (modeled ILO estimate),SL.TLF.CACT.FM.ZS,San Marino,SMR,..,..,..,..,..,..,..,..,..,..
Ratio of female to male labor force participation rate (%) (modeled ILO estimate),SL.TLF.CACT.FM.ZS,Sao Tome and Principe,STP,54.5049764274489,54.5169303176886,54.5288197621226,54.5894984941731,54.7425118234367,55.0158394931362,55.3533475026567,55.7414346895075,56.1791689152725,..
Ratio of female to male labor force participation rate (%) (modeled ILO estimate),SL.TLF.CACT.FM.ZS,Saudi Arabia,SAU,25.9896729776248,26.4542039124239,25.9179265658747,26.303826240687,27.9356298717626,29.3299620733249,28.6876907426246,28.122998078155,28.1796147467789,..
Ratio of female to male labor force participation rate (%) (modeled ILO estimate),SL.TLF.CACT.FM.ZS,Senegal,SEN,54.4418052256532,55.6794312489901,56.9778950841307,58.3712696004047,59.8379030867391,60.0690846286701,60.3914097679252,60.7887421820709,61.2273361227336,..
Ratio of female to male labor force participation rate (%) (modeled ILO estimate),SL.TLF.CACT.FM.ZS,Serbia,SRB,71.8781555031976,71.972607315851,72.6282791618545,73.2872200263505,73.2074846828945,74.6929541047188,75.5455712451861,75.3765657206279,76.0393525864805,..
Ratio of female to male labor force participation rate (%) (modeled ILO estimate),SL.TLF.CACT.FM.ZS,Seychelles,SYC,..,..,..,..,..,..,..,..,..,..
Ratio of female to male labor force participation rate (%) (modeled ILO estimate),SL.TLF.CACT.FM.ZS,Sierra Leone,SLE,96.88013136289,96.82566062822,96.8034993270525,96.7972742759795,96.1577350859454,96.7829326109042,97.36528981812,97.9522184300341,98.7469962238242,..
Ratio of female to male labor force participation rate (%) (modeled ILO estimate),SL.TLF.CACT.FM.ZS,Singapore,SGP,74.9713266216389,75.801749271137,76.4429188914315,77.6835443037975,78.8432459677419,79.2771084337349,78.6781463661686,79.1911201837203,79.0575916230366,..
Ratio of female to male labor force participation rate (%) (modeled ILO estimate),SL.TLF.CACT.FM.ZS,Sint Maarten (Dutch part),SXM,..,..,..,..,..,..,..,..,..,..
Ratio of female to male labor force participation rate (%) (modeled ILO estimate),SL.TLF.CACT.FM.ZS,Slovak Republic,SVK,73.9143235683792,74.3950725912891,75.1397469844072,75.077103833162,76.673547626069,77.3548861131521,77.9796189632255,77.279433461198,77.509623926562,..
Ratio of female to male labor force participation rate (%) (modeled ILO estimate),SL.TLF.CACT.FM.ZS,Slovenia,SVN,81.734375,82.5386801389327,81.7564365818986,82.6801517067004,82.650142993327,84.6366444480572,84.7366761274046,84.0124902419984,84.8861283643892,..
Ratio of female to male labor force participation rate (%) (modeled ILO estimate),SL.TLF.CACT.FM.ZS,Small states,SST,72.3572722125525,73.0380724934377,73.5994682033506,73.7232885391569,73.9981908152114,73.9919977025499,74.189232590576,74.2877444080674,74.3967930216354,..
Ratio of female to male labor force participation rate (%) (modeled ILO estimate),SL.TLF.CACT.FM.ZS,Solomon Islands,SLB,96.0923830631051,96.1111759897232,96.1210421778245,96.1210421778245,96.0976749620283,96.0738490301472,96.0607831677382,96.0247866245762,95.978959672706,..
Ratio of female to male labor force participation rate (%) (modeled ILO estimate),SL.TLF.CACT.FM.ZS,Somalia,SOM,27.7874447865078,28.0300994356356,28.3749157113958,28.7434059245232,29.0633048664769,29.3407487791644,29.5944662959447,29.818378964489,30.078548212351,..
Ratio of female to male labor force participation rate (%) (modeled ILO estimate),SL.TLF.CACT.FM.ZS,South Africa,ZAF,75.8425091758425,75.6270627062706,77.0785409135721,77.2400261608895,77.6995680691089,77.5669642857143,78.5578446909667,78.8501353718745,78.8394276629571,..
Ratio of female to male labor force participation rate (%) (modeled ILO estimate),SL.TLF.CACT.FM.ZS,South Asia,SAS,32.2990105335825,31.2230646712123,31.127922412295,31.061617981166,31.0949837793065,30.9464796907763,31.0956189078695,30.8904249000196,31.100035773998,..
Ratio of female to male labor force participation rate (%) (modeled ILO estimate),SL.TLF.CACT.FM.ZS,South Asia (IDA & IBRD),TSA,32.2990105335825,31.2230646712123,31.127922412295,31.061617981166,31.0949837793065,30.9464796907763,31.0956189078695,30.8904249000196,31.100035773998,..
Ratio of female to male labor force participation rate (%) (modeled ILO estimate),SL.TLF.CACT.FM.ZS,South Sudan,SSD,93.1671283471837,93.4382854874983,93.798964280972,94.2384635902907,94.7460125988473,95.1055533145085,95.4686446392448,95.8863328822733,96.3199348180337,..
Ratio of female to male labor force participation rate (%) (modeled ILO estimate),SL.TLF.CACT.FM.ZS,Spain,ESP,78.6562453028709,80.0666464707664,80.8103975535168,81.0939907550077,81.2982998454405,81.850699844479,81.6619806310528,81.4948292071451,82.1158690176322,..
Ratio of female to male labor force participation rate (%) (modeled ILO estimate),SL.TLF.CACT.FM.ZS,Sri Lanka,LKA,45.3059071729958,43.2371921506651,46.4304461942257,45.7211091946398,47.1317420545958,46.9909531926052,48.3934946449822,45.2371355636168,45.5223880597015,..
Ratio of female to male labor force participation rate (%) (modeled ILO estimate),SL.TLF.CACT.FM.ZS,St. Kitts and Nevis,KNA,..,..,..,..,..,..,..,..,..,..
Ratio of female to male labor force participation rate (%) (modeled ILO estimate),SL.TLF.CACT.FM.ZS,St. Lucia,LCA,81.0754372226573,81.9590986062264,82.8222453222453,83.6464947518466,84.4404238821401,85.1985559566787,85.9163987138264,86.4607170099161,90.1310615989515,..
Ratio of female to male labor force participation rate (%) (modeled ILO estimate),SL.TLF.CACT.FM.ZS,St. Martin (French part),MAF,..,..,..,..,..,..,..,..,..,..
Ratio of female to male labor force participation rate (%) (modeled ILO estimate),SL.TLF.CACT.FM.ZS,St. Vincent and the Grenadines,VCT,70.2403662724151,70.6916316392816,71.220633299285,71.6041479964153,71.9773866118463,72.4790727623954,72.9172040237297,73.4530422426043,73.6944157187177,..
Ratio of female to male labor force participation rate (%) (modeled ILO estimate),SL.TLF.CACT.FM.ZS,Sub-Saharan Africa,SSF,84.5086623552112,84.3017467526312,84.2745488999208,84.2834613670224,84.4215877778971,84.5743686236737,84.6119146229335,84.6393401791195,84.6925959120206,..
Ratio of female to male labor force participation rate (%) (modeled ILO estimate),SL.TLF.CACT.FM.ZS,Sub-Saharan Africa (excluding high income),SSA,84.5086623552112,84.3017467526312,84.2745488999208,84.2834613670224,84.4215877778971,84.5743686236737,84.6119146229335,84.6393401791196,84.6925959120206,..
Ratio of female to male labor force participation rate (%) (modeled ILO estimate),SL.TLF.CACT.FM.ZS,Sub-Saharan Africa (IDA & IBRD),TSS,84.5086623552112,84.3017467526312,84.2745488999208,84.2834613670224,84.4215877778971,84.5743686236737,84.6119146229334,84.6393401791196,84.6925959120206,..
Ratio of female to male labor force participation rate (%) (modeled ILO estimate),SL.TLF.CACT.FM.ZS,Sudan,SDN,39.6444695259594,39.99431898878,40.3884604398743,40.8183776022972,41.2707581227437,41.6981132075472,42.1590080233406,42.6229508196721,43.1067390985171,..
Ratio of female to male labor force participation rate (%) (modeled ILO estimate),SL.TLF.CACT.FM.ZS,Suriname,SUR,61.4018691588785,61.8587244659286,62.2950819672131,62.3283395755306,61.8017737669208,60.9052860021702,61.221635063724,61.6812227074236,61.6057482036864,..
Ratio of female to male labor force participation rate (%) (modeled ILO estimate),SL.TLF.CACT.FM.ZS,Sweden,SWE,88.2344213649852,88.7897710377639,89.0137512938045,89.3358970566484,90.1113585746103,90.0786000296604,90.1300236406619,90.4065040650406,90.384047267356,..
Ratio of female to male labor force participation rate (%) (modeled ILO estimate),SL.TLF.CACT.FM.ZS,Switzerland,CHE,81.2114714553739,81.9306265125034,82.6855600539811,83.6886130599029,84.074373484236,84.5202902445579,84.2572658772874,85.027027027027,85.7064995230958,..
Ratio of female to male labor force participation rate (%) (modeled ILO estimate),SL.TLF.CACT.FM.ZS,Syrian Arab Republic,SYR,18.2589652340542,18.4825700615174,18.7576791808874,19.0599455040872,19.304442331205,19.5602008958871,19.6645929131728,19.7357778376921,19.7876058610028,..
Ratio of female to male labor force participation rate (%) (modeled ILO estimate),SL.TLF.CACT.FM.ZS,Tajikistan,TJK,54.372076286434,55.4666181553575,56.6562327379856,57.9556052975191,59.3643586833144,60.8954650269024,59.8056365403304,58.8559072144683,58.0696517412935,..
Ratio of female to male labor force participation rate (%) (modeled ILO estimate),SL.TLF.CACT.FM.ZS,Tanzania,TZA,93.5799415336182,92.7137378750282,91.771363893605,90.7272727272727,90.810872284772,90.9329080760907,91.053292251512,91.2053979871912,91.3666590231598,..
Ratio of female to male labor force participation rate (%) (modeled ILO estimate),SL.TLF.CACT.FM.ZS,Thailand,THA,81.4645591504075,80.5761622156281,78.5534591194969,78.2547770700637,78.3895034731155,78.2761768157517,77.9284022111082,77.8883940267226,78.074369189907,..
Ratio of female to male labor force participation rate (%) (modeled ILO estimate),SL.TLF.CACT.FM.ZS,Timor-Leste,TLS,85.3152654867257,85.2565880721221,85.1815913501525,85.1116969612876,85.0818762142659,85.0874757011941,85.110497237569,85.143879939419,85.177539223782,..
Ratio of female to male labor force participation rate (%) (modeled ILO estimate),SL.TLF.CACT.FM.ZS,Togo,TGO,87.5434164824755,87.7725118483412,88.0696202531645,88.4798476674072,88.9915564760236,89.52,90.0980549750844,90.7826649417853,91.5676379619079,..
Ratio of female to male labor force participation rate (%) (modeled ILO estimate),SL.TLF.CACT.FM.ZS,Tonga,TON,63.6521191113912,64.145524174246,64.7287449392713,65.4137817342565,66.1059714045416,66.8039114770973,67.4365704286964,68.0949830387431,68.0300053580997,..
Ratio of female to male labor force participation rate (%) (modeled ILO estimate),SL.TLF.CACT.FM.ZS,Trinidad and Tobago,TTO,69.1454396055875,70.7433725061492,71.1880646044347,71.4890132387062,69.542662116041,71.4126342211686,71.0345793084138,70.9700126707025,70.9590593568494,..
Ratio of female to male labor force participation rate (%) (modeled ILO estimate),SL.TLF.CACT.FM.ZS,Tunisia,TUN,34.7751849743882,35.5521083063038,35.7458327397065,36.4092276830491,37.1828143021915,36.8474185174502,36.6026289180991,36.3899753730262,36.1143354614045,..
Ratio of female to male labor force participation rate (%) (modeled ILO estimate),SL.TLF.CACT.FM.ZS,Turkey,TUR,40.164515671536,41.3669580169079,42.7657760090961,42.469794886204,43.9061845595421,45.0534202858332,46.1972995315514,46.8453608247423,47.4916851441242,..
Ratio of female to male labor force participation rate (%) (modeled ILO estimate),SL.TLF.CACT.FM.ZS,Turkmenistan,TKM,63.7325905292479,63.2911392405063,62.9059117402165,62.5484764542936,62.3082239115411,62.0942119077221,61.902128836052,61.7248062015504,61.5501941209096,..
Ratio of female to male labor force participation rate (%) (modeled ILO estimate),SL.TLF.CACT.FM.ZS,Turks and Caicos Islands,TCA,..,..,..,..,..,..,..,..,..,..
Ratio of female to male labor force participation rate (%) (modeled ILO estimate),SL.TLF.CACT.FM.ZS,Tuvalu,TUV,..,..,..,..,..,..,..,..,..,..
Ratio of female to male labor force participation rate (%) (modeled ILO estimate),SL.TLF.CACT.FM.ZS,Uganda,UGA,86.8396906540831,87.1606557377049,87.5263157894737,87.9756871035941,88.4640913314748,89.0416444207154,89.6750805585392,90.4002163331531,91.210139002453,..
Ratio of female to male labor force participation rate (%) (modeled ILO estimate),SL.TLF.CACT.FM.ZS,Ukraine,UKR,75.8160703075957,74.296875,75.2679819791828,74.4509401169221,74.5911949685535,74.3460447526001,74.2749054224464,74.3553235247587,74.4559173947577,..
Ratio of female to male labor force participation rate (%) (modeled ILO estimate),SL.TLF.CACT.FM.ZS,United Arab Emirates,ARE,48.0207451312447,49.369101897996,50.7532357309569,52.1352124615874,53.4495509772847,54.7195913589443,56.2058634710036,56.0852796228841,55.7161207450225,..
Ratio of female to male labor force participation rate (%) (modeled ILO estimate),SL.TLF.CACT.FM.ZS,United Kingdom,GBR,81.340553197717,81.4998540997957,82.1381626989923,82.7212874908559,83.0014641288433,83.3577283372366,84.2182673922636,84.4878191957734,85.3762492651381,..
Ratio of female to male labor force participation rate (%) (modeled ILO estimate),SL.TLF.CACT.FM.ZS,United States,USA,82.1145247367662,81.6417481311098,81.627030162413,81.8884997081144,81.6254933489256,81.6921954777535,82.2429906542056,82.369266725095,82.7525878407931,..
Ratio of female to male labor force participation rate (%) (modeled ILO estimate),SL.TLF.CACT.FM.ZS,Upper middle income,UMC,76.4782185261613,76.4588317085178,76.2973917619342,76.087223257587,76.0368418976673,75.9729229199153,75.8937643016626,75.7857810369791,75.7563520184151,..
Ratio of female to male labor force participation rate (%) (modeled ILO estimate),SL.TLF.CACT.FM.ZS,Uruguay,URY,72.8621632174932,73.3789293699855,72.4756129712628,73.8425009893154,74.151922309432,75.2488566047888,75.4340748779164,75.6483756483756,75.7546783226335,..
Ratio of female to male labor force participation rate (%) (modeled ILO estimate),SL.TLF.CACT.FM.ZS,Uzbekistan,UZB,67.9679144385027,67.4766355140187,66.9866666666667,66.5379494007989,66.1120724078264,65.7971785999468,65.5851063829787,65.344689912164,65.1113184908679,..
Ratio of female to male labor force participation rate (%) (modeled ILO estimate),SL.TLF.CACT.FM.ZS,Vanuatu,VUT,76.7777918620865,76.8430402233219,76.9357705001269,76.9982238010657,77.0593445527015,77.1645569620253,77.2398935496135,77.2877059569075,77.3338406900051,..
Ratio of female to male labor force participation rate (%) (modeled ILO estimate),SL.TLF.CACT.FM.ZS,"Venezuela, RB",VEN,63.5967162647512,64.1208506224066,64.4006227296316,64.1458036061746,63.7814689852063,62.0944718401246,60.8990228013029,59.3983974779982,56.030452784827,..
Ratio of female to male labor force participation rate (%) (modeled ILO estimate),SL.TLF.CACT.FM.ZS,Vietnam,VNM,87.5872199779655,88.2763689819919,88.4154460719041,88.6322408997461,87.9576107899807,88.2459970887919,88.1598062953995,88.454082868912,88.5008517887564,..
Ratio of female to male labor force participation rate (%) (modeled ILO estimate),SL.TLF.CACT.FM.ZS,Virgin Islands (U.S.),VIR,87.4133097240667,85.075724158212,84.280442804428,84.2699970264645,84.4194756554307,84.6849562858004,84.5583787053841,84.7614706776056,84.8101265822785,..
Ratio of female to male labor force participation rate (%) (modeled ILO estimate),SL.TLF.CACT.FM.ZS,West Bank and Gaza,PSE,23.1633272616879,23.8275340393343,23.1034482758621,24.1761533852606,25.4697889563458,24.6476847857348,24.9,25.2532561505065,25.9306803594352,..
Ratio of female to male labor force participation rate (%) (modeled ILO estimate),SL.TLF.CACT.FM.ZS,World,WLD,66.695771851363,66.5185083773992,66.4521451511474,66.4252066912708,66.445222344617,66.4982970834155,66.5635640099635,66.5998208953703,66.6907350520445,..
Ratio of female to male labor force participation rate (%) (modeled ILO estimate),SL.TLF.CACT.FM.ZS,"Yemen, Rep.",YEM,12.9183106824492,11.4323451717053,10.1385204833481,8.98194732169281,8.77806940799067,8.67995378393992,8.59475719810915,8.56939501779359,8.55039637599094,..
Ratio of female to male labor force participation rate (%) (modeled ILO estimate),SL.TLF.CACT.FM.ZS,Zambia,ZMB,86.3430737253943,86.5465317205628,86.7672520405639,87.064368101203,87.4408762758277,87.8295639135324,88.2973380210949,88.8257575757576,89.3401015228427,..
Ratio of female to male labor force participation rate (%) (modeled ILO estimate),SL.TLF.CACT.FM.ZS,Zimbabwe,ZWE,87.473172935728,87.436562535243,87.3467551456529,87.313349051308,87.3149394347241,87.288610146713,87.4131360681461,87.655846343929,87.8641322685862,..
,,,,,,,,,,,,,
,,,,,,,,,,,,,
,,,,,,,,,,,,,
Data from database: Gender Statistics,,,,,,,,,,,,,
Last Updated: 09/27/2021,,,,,,,,,,,,,
